<?xml version="1.0" encoding="UTF-8"?>
<project-private xmlns="http://www.netbeans.org/ns/project-private/1">
    <editor-bookmarks xmlns="http://www.netbeans.org/ns/editor-bookmarks/2" lastBookmarkId="0"/>
    <open-files xmlns="http://www.netbeans.org/ns/projectui-open-files/2">
        <group>
            <file>file:/C:/Users/SHEWAKENA/Documents/NetBeansProjects/LAST/web/teacherDashboard.jsp</file>
            <file>file:/C:/Users/SHEWAKENA/Documents/NetBeansProjects/LAST/web/saveGrades.jsp</file>
            <file>file:/C:/Users/SHEWAKENA/Documents/NetBeansProjects/LAST/web/login.jsp</file>
            <file>file:/C:/Users/SHEWAKENA/Documents/NetBeansProjects/LAST/web/manageTeachers.jsp</file>
            <file>file:/C:/Users/SHEWAKENA/Documents/NetBeansProjects/LAST/web/assignTeachers.jsp</file>
            <file>file:/C:/Users/SHEWAKENA/Documents/NetBeansProjects/LAST/web/studentDashboard.jsp</file>
            <file>file:/C:/Users/SHEWAKENA/Documents/NetBeansProjects/LAST/web/Home.jsp</file>
            <file>file:/C:/Users/SHEWAKENA/Documents/NetBeansProjects/LAST/web/editStudent.jsp</file>
            <file>file:/C:/Users/SHEWAKENA/Documents/NetBeansProjects/LAST/src/java/DownloadSlipServlet.java</file>
            <file>file:/C:/Users/SHEWAKENA/Documents/NetBeansProjects/LAST/web/getCourseDetails.jsp</file>
            <file>file:/C:/Users/SHEWAKENA/Documents/NetBeansProjects/LAST/web/adminDashboard.jsp</file>
            <file>file:/C:/Users/SHEWAKENA/Documents/NetBeansProjects/LAST/web/editTeacher.jsp</file>
            <file>file:/C:/Users/SHEWAKENA/Documents/NetBeansProjects/LAST/web/assignStudents.jsp</file>
            <file>file:/C:/Users/SHEWAKENA/Documents/NetBeansProjects/LAST/web/profile.jsp</file>
            <file>file:/C:/Users/SHEWAKENA/Documents/NetBeansProjects/LAST/web/manageStudents.jsp</file>
        </group>
    </open-files>
</project-private>
